{"Initialization": 0.36125050000000014, "Fitness Evaluation": 472.9903543999993, "PersonalBest Updates": 82.04669550000511, "GlobalBest Updates": 0.4245558000012606, "Velocity Updates": 0.007222899999987931, "Postiton Updates": 0.09060559999988982}