{"Initialization": 0.34998379999999996, "Fitness Evaluation": 199.41527530000005, "PersonalBest Updates": 23.20236499999967, "GlobalBest Updates": 0.17425739999974255, "Velocity Updates": 0.0071564000000137185, "Postiton Updates": 0.06479679999998211}
