{"Initialization": 0.3416849000000002, "Fitness Evaluation": 66.09993890000007, "PersonalBest Updates": 3.793757300000106, "GlobalBest Updates": 0.055545100000028214, "Velocity Updates": 0.00712369999999396, "Postiton Updates": 0.05344329999999786}
