{"Initialization": 0.37661370000000005, "Fitness Evaluation": 584.0365642999999, "PersonalBest Updates": 177.44760600000228, "GlobalBest Updates": 0.6247562000027127, "Velocity Updates": 0.007310099999926933, "Postiton Updates": 0.10838000000001102}