{"Initialization": 0.36992720000000023, "Fitness Evaluation": 434.33971899999943, "PersonalBest Updates": 96.29201719999782, "GlobalBest Updates": 0.3815500000009928, "Velocity Updates": 0.0069740000000138025, "Postiton Updates": 0.08832319999999072}