{"Initialization": 0.3531594, "Fitness Evaluation": 311.11871000000104, "PersonalBest Updates": 59.13069299999952, "GlobalBest Updates": 0.28313620000092676, "Velocity Updates": 0.007350000000030832, "Postiton Updates": 0.07912599999997383}